Fishing pressure,Predator density
43.61018209,12.96296296
26.35079896,12.59259259
18.15772224,16.10596708
24.54152731,15.46296296
6.526121881,12.35510974
5.73043117,15.78446502
3.062716772,16.42746914
6.909988886,19.42815501
6.001933743,23.60768176
10.87876512,23.5005144
1.378863186,28.00154321
2.705193581,37.75377229
50.05793058,9.140089163
