fishing pressure,starfish density,Starfish present
50.09708738,87074.91823,yes
43.45631068,95749.44188,yes
26.33009709,58888.94658,yes
18.17475728,37911.3234,yes
3.262135922,52080.88884,yes
2.67961165,42465.60407,yes
1.326860841,0,no
7.15210356,0,no
6.666666667,0,no
5.453074434,0,no
10.79288026,0,no
24.46601942,0,no
