fishing pressure,starfish density,Starfish present
50.09708738,87074.91823,yes
43.45631068,95749.44188,yes
26.33009709,58888.94658,yes
18.17475728,37911.3234,yes
3.262135922,52080.88884,yes
2.67961165,42465.60407,yes
1.326860841,1023.585368,no
7.15210356,734.0682669,no
6.666666667,742.721331,no
5.453074434,764.3539911,no
10.79288026,854.8506193,no
24.46601942,611.1226485,no
