mean,semin,semax,zone
0.00051652,0.000160758,0.000987365,Unfished
0.00250741,0.001811596,0.003339249,Fished
